niss,matricule
57.04.25-655.94,96659
66.07.21-762.08,76710
59.03.15-105.45,99398
75.05.20-323.06,79765
95.08.01-198.92,49138
97.01.19-331.45,73254
72.08.08-861.79,90794
67.10.19-214.48,21890
96.10.31-567.38,76798
67.08.15-238.83,78477
67.06.09-480.29,88096
76.09.18-025.69,52611
52.12.24-499.17,74124
82.06.28-848.09,51672
86.05.30-265.02,96580
61.05.30-796.08,54513
87.09.18-618.08,57196
47.02.23-273.96,33745
69.09.18-619.47,20232
50.03.14-544.11,83668
65.04.27-410.96,32852
54.04.30-387.41,43749
64.11.27-825.01,79205
85.08.17-423.28,78228
75.06.02-840.66,60178
84.01.11-933.29,92646
56.01.07-232.09,23941
66.09.04-455.14,89869
95.04.07-206.03,38159
49.08.16-615.37,13784
88.07.21-961.19,70792
58.05.11-442.46,41574
88.03.26-863.09,37481
71.06.13-927.54,66228
69.03.22-885.53,76589
91.10.25-033.49,79019
97.11.21-666.96,26578
57.12.12-383.51,77329
90.06.10-660.96,37692
47.05.21-469.73,45478
49.10.09-537.34,74039
61.08.09-646.54,27918
74.10.20-087.11,83254
47.05.05-995.41,98931
60.03.14-742.52,52698
89.10.18-016.13,57676
73.05.20-866.15,95311
56.11.01-445.27,61380
95.05.13-838.41,79822
61.08.23-499.66,90640
90.10.07-751.64,80660
54.09.02-625.85,34779
59.03.27-912.77,29921
62.03.29-326.27,89530
53.01.24-722.55,82261
82.04.22-708.68,30068
58.09.16-748.93,28871
61.11.13-846.80,27204
75.03.23-579.83,96111
85.10.14-252.83,85096
96.12.11-068.64,18005
91.02.02-159.71,97378
87.01.24-305.65,14525
56.03.19-906.88,46748
91.09.08-428.90,49235
94.08.30-232.22,33460
53.09.05-595.01,28243
79.06.08-354.24,45069
53.11.20-332.35,80820
96.03.11-408.67,56746
69.09.03-338.61,26775
61.03.26-999.07,69938
53.10.11-260.19,32058
90.06.01-372.08,34454
68.10.24-708.17,17031
72.05.14-816.39,34331
89.01.24-961.87,99119
87.05.29-158.89,30171
69.07.25-047.65,64252
71.09.18-316.51,94046
97.07.08-860.48,91631
91.06.16-621.73,74191
67.12.08-841.38,81574
56.09.16-914.59,13802
80.12.26-744.12,49406
57.10.06-957.34,38958
67.01.29-966.22,77446
82.09.30-000.00,57730
96.12.15-077.32,81138
57.05.14-453.13,22057
77.09.22-462.20,71032
97.02.15-213.26,99180
50.02.17-090.68,63319
70.09.09-389.50,30318
56.01.30-717.12,52533
90.11.19-477.06,29090
66.08.28-691.42,76615
46.06.27-087.94,15278
80.08.07-302.59,71713
60.04.13-074.20,10991
93.02.24-661.11,17624
94.07.23-146.67,22406
58.06.02-915.36,56271
51.01.07-491.97,86809
60.06.24-894.94,43715
79.12.26-297.23,53092
75.01.15-466.94,13681
97.06.24-021.18,31470
57.09.23-054.87,75963
50.05.20-579.52,35077
50.06.24-597.47,21803
89.02.27-273.70,65422
61.03.31-047.31,96953
78.06.27-555.87,66771
97.06.14-079.48,36140
63.05.23-233.00,32369
95.05.19-619.69,41604
78.01.07-375.33,39445
55.02.18-926.05,96720
54.11.23-546.13,74822
60.05.16-905.63,37880
90.03.11-510.78,58804
87.06.04-045.50,30776
53.09.24-846.81,80236
79.03.05-388.18,65308
56.03.13-482.64,65466
75.10.09-540.89,70212
67.12.28-006.38,57604
87.06.08-984.02,37417
65.04.04-854.24,50462
50.10.23-954.81,92489
93.06.13-651.58,67734
81.01.12-380.62,83271
72.12.06-101.54,89509
98.03.23-167.10,73151
72.10.20-906.31,22027
86.04.01-212.38,37663
83.12.25-359.97,35617
79.03.10-801.13,25185
86.12.04-330.24,20330
98.04.21-696.78,56391
49.07.02-628.42,99000
48.05.20-653.62,91551
80.06.23-638.36,30718
86.05.10-946.65,25092
95.04.09-523.78,32560
98.09.04-030.00,36682
71.10.19-054.11,94030
75.11.04-950.43,66831
50.01.13-891.94,34811
60.09.19-736.92,66085
77.07.25-993.26,13997
65.01.10-049.39,81683
74.03.01-251.00,28989
79.07.14-057.38,94959
77.09.30-416.58,93135
83.12.17-292.39,45223
75.09.14-116.03,47632
74.03.30-748.59,57871
50.03.01-488.92,62206
97.04.13-885.38,11248
53.10.26-653.99,72465
72.12.03-367.06,78290
88.03.27-310.73,70319
82.06.02-348.07,45793
46.03.13-244.60,56423
48.12.05-218.62,73985
88.02.22-963.43,28081
75.05.31-785.98,24085
56.06.26-633.91,28873
50.05.19-368.64,83354
98.04.30-989.71,39175
84.10.24-747.74,57054
84.07.04-127.63,69771
67.07.22-276.89,59466
75.04.20-896.37,89762
60.11.21-619.59,92974
71.02.26-540.72,87730
66.01.01-662.03,16322
56.02.05-013.86,97821
60.11.09-038.39,83425
63.01.03-495.65,52762
98.11.03-025.48,43404
93.05.30-894.00,99394
67.05.05-330.67,20332
47.05.07-266.32,70422
68.05.13-579.03,71415
51.12.23-055.94,55343
60.10.01-736.30,81578
96.09.11-300.43,78864
95.09.16-868.11,79508
84.12.03-779.95,22885
57.06.16-209.01,46191
54.06.14-316.79,48896
71.04.06-267.45,14879
53.03.29-292.75,20556
49.12.21-217.58,87359
53.10.16-909.67,15488
51.07.02-996.64,19207
58.07.05-616.49,79158
87.08.29-812.93,69301
80.07.22-299.56,83974
92.12.29-091.11,24260
96.01.27-288.72,60624
92.04.03-525.45,94602
56.11.09-974.73,85363
49.10.10-608.83,69895
65.08.17-997.35,90392
81.11.12-069.05,72735
57.03.22-401.33,80881
65.09.07-058.21,12879
77.03.10-962.21,30067
77.04.08-618.28,51735
80.11.19-118.92,27605
54.07.23-293.21,13484
90.07.25-981.20,23782
55.05.19-287.06,61358
58.02.04-828.94,22040
60.10.06-571.21,32043
69.08.27-666.97,80093
63.04.27-051.78,43416
66.08.04-507.10,12390
83.12.25-651.13,16054
55.05.22-667.19,19322
50.09.29-329.90,88899
71.03.16-795.45,78264
74.10.12-054.30,25686
98.01.24-625.79,53897
61.10.18-730.81,30084
84.02.22-627.68,50243
49.03.25-376.06,71706
59.01.08-387.79,41720
76.04.27-881.66,52238
92.12.05-836.63,71429
65.12.14-443.75,41789
51.10.23-765.69,62433
99.02.08-246.06,41251
55.09.10-863.71,77382
92.07.02-831.95,50975
68.03.20-508.80,64901
53.02.17-626.77,15411
57.01.26-127.22,74088
89.05.24-999.23,42665
96.05.19-039.79,88078
57.03.30-102.20,34154
71.10.12-773.54,67478
89.11.04-709.75,34720
82.11.04-210.29,24905
63.05.31-897.76,87119
55.08.29-876.65,72431
77.09.28-126.57,87404
61.05.04-610.26,60019
70.09.06-636.10,73286
73.07.04-356.44,79456
79.08.06-210.86,12142
62.10.21-070.57,75399
49.04.28-211.58,38647
63.04.09-874.58,60426
62.10.13-848.06,14461
84.09.30-601.06,79407
73.11.11-284.75,71003
57.02.11-617.71,28387
85.07.16-774.78,48623
86.02.10-055.62,41593
84.10.21-038.50,78334
70.12.11-895.85,51140
82.12.13-280.37,45036
72.01.03-168.95,66585
91.04.23-695.08,86066
60.10.23-283.51,13446
72.01.12-851.61,56329
48.05.27-765.72,88933
73.02.01-937.42,78158
63.08.24-050.87,31805
90.07.04-129.75,79517
90.06.14-124.03,26012
73.04.21-882.71,83760
46.03.03-458.05,58298
75.07.18-530.16,38416
57.07.22-473.57,86882
64.10.16-011.96,19958
52.11.03-659.19,82700
48.10.29-541.06,32290
59.10.15-451.50,69937
51.07.21-786.11,63136
58.08.27-753.57,24556
88.12.25-659.35,23848
64.08.23-574.23,64514
52.04.14-125.32,62548
48.11.20-607.60,10756
84.12.23-947.31,42022
93.02.17-403.81,35774
84.02.11-875.96,16699
48.12.05-123.09,44429
64.05.16-695.75,32150
56.08.16-889.09,78776
57.06.08-735.03,44916
77.04.11-555.79,59052
96.02.24-771.28,21082
78.09.19-146.45,43469
87.06.22-576.52,31971
50.04.07-852.73,14763
64.04.24-323.06,38646
79.01.08-842.77,92691
59.01.21-428.66,83707
60.10.30-394.95,25163
77.11.19-637.31,68641
88.08.10-300.91,82050
62.06.11-397.42,97426
70.11.24-770.38,14662
55.03.05-491.95,56618
96.05.06-449.08,71207
86.02.26-776.83,77566
94.07.30-358.36,92638
58.06.27-067.51,14543
89.09.17-755.68,34904
92.06.02-499.83,95253
58.02.21-114.99,95354
46.10.17-219.14,73105
81.12.23-219.04,16162
86.01.08-897.90,48183
84.04.08-236.43,21939
65.02.18-069.73,32064
82.01.04-989.81,95441
91.12.24-118.90,18586
67.02.13-399.96,46585
95.09.28-386.30,36817
89.12.02-957.02,10957
64.12.26-029.64,47604
86.05.23-793.97,90969
52.06.19-976.55,94718
56.02.24-730.54,15715
59.12.04-722.96,71785
86.12.02-773.50,43992
49.01.06-304.09,19346
53.11.15-744.91,81634
67.02.16-763.14,31967
98.09.05-992.03,81755
75.01.15-142.43,93321
49.08.12-352.62,77724
97.07.28-837.58,86508
49.03.12-369.94,80807
90.06.23-239.32,41193
56.05.17-497.53,74915
56.02.16-818.98,16976
64.06.13-928.54,80997
83.10.21-367.21,56138
97.05.19-570.39,39923
71.01.12-940.68,80354
59.12.02-474.74,61508
57.09.05-464.05,70820
85.01.21-239.62,21463
48.05.04-451.73,41757
84.02.19-656.79,14121
98.06.24-888.23,11983
80.08.22-708.01,64199
48.03.06-057.02,60572
83.04.13-123.67,82860
81.03.15-685.95,21714
76.01.09-883.66,67820
81.03.24-921.51,98456
88.11.04-883.08,91596
91.08.23-483.45,33392
86.08.06-095.40,32488
67.02.02-280.00,41049
75.12.30-279.93,31573
60.10.16-337.75,83292
72.10.16-303.28,36130
68.01.05-756.20,76171
79.07.14-022.24,54183
71.06.30-565.10,62406
89.11.15-842.48,46559
69.07.17-425.98,94690
92.12.09-812.21,95927
58.03.20-147.97,32140
76.05.14-248.75,71356
84.06.19-524.04,22113
48.12.06-353.78,12482
81.07.07-555.01,55132
53.02.18-223.96,19740
84.01.12-449.16,27077
52.02.13-900.92,84303
97.04.26-262.76,77740
96.12.21-139.76,41877
86.11.24-234.56,72175
85.01.12-742.71,29527
46.07.25-044.38,52256
80.12.24-857.09,33030
79.06.24-623.77,74877
88.02.06-908.64,82104
63.01.11-063.38,25121
79.02.09-813.57,28177
76.05.30-939.79,10197
46.12.09-955.28,59747
91.05.14-867.79,21742
93.04.21-908.32,75276
49.07.05-387.34,92479
54.02.15-333.98,64870
61.03.12-511.90,97927
46.03.02-746.25,84285
83.03.23-041.92,54382
77.05.04-208.13,77149
61.01.15-566.28,56656
83.06.22-479.25,20907
46.12.03-723.84,99345
73.06.22-325.18,87497
73.12.16-820.47,12754
82.04.28-033.08,95234
78.11.24-498.29,43068
54.07.22-626.61,41194
95.11.25-800.62,25149
89.03.19-849.49,59445
48.05.05-372.42,42080
89.08.22-139.09,49811
74.03.02-215.57,87943
72.07.18-828.02,98534
59.02.20-406.58,85530
65.02.06-994.23,99148
83.02.25-165.89,84243
77.05.01-048.84,33545
66.06.26-354.11,50222
73.12.13-237.21,79632
61.08.28-824.52,11374
57.03.05-635.24,13742
63.07.03-712.79,54898
56.01.02-039.88,33005
87.04.09-046.23,70055
46.09.07-668.95,87320
56.03.27-504.99,22725
70.03.20-780.34,41805
49.08.18-773.28,97095
89.03.11-102.29,71795
93.07.30-144.45,30858
77.02.16-033.86,89600
95.12.27-484.59,75878
67.05.18-572.69,96787
70.06.16-294.11,72667
96.03.28-776.48,24828
64.09.28-714.20,18849
49.11.16-599.89,26668
49.02.02-943.50,10521
84.07.22-263.22,90346
46.06.01-831.12,79134
65.07.08-404.54,50774
53.02.07-118.15,29350
57.02.13-722.62,63439
62.12.11-524.49,43037
93.03.27-975.18,12659
90.04.19-302.45,68236
84.06.05-361.85,89759
89.10.30-742.84,48730
63.08.27-264.91,29734
85.07.27-229.15,59956
47.08.14-878.30,93037
58.03.07-937.44,91966
46.06.04-911.58,10656
71.08.04-449.29,68206
51.10.19-544.59,86973
94.12.25-060.31,25923
86.08.10-302.10,22613
73.09.23-248.16,39808
94.07.17-715.27,52567
75.07.02-545.64,68175
78.01.28-119.62,18946
59.05.04-150.96,60489
97.10.23-044.88,45875
96.08.27-599.48,67511
87.04.15-347.30,68196
92.10.31-851.69,48980
71.05.29-510.85,42887
93.08.16-643.68,68451
84.05.03-519.67,91534
60.11.08-326.30,63797
66.03.25-475.28,71538
54.12.04-807.33,48855
56.02.07-639.46,51045
52.07.10-072.52,32040
82.06.08-075.71,23324
58.05.25-552.18,90269
69.08.17-591.14,81816
81.10.08-122.13,14015
60.05.10-568.09,36814
52.10.04-849.23,37961
85.05.21-559.12,48596
86.09.18-106.00,62870
94.02.28-237.09,39471
53.12.05-444.00,97122
69.01.15-087.80,52654
56.09.19-513.03,31741
91.03.29-393.44,23304
65.03.16-662.52,40126
58.05.20-297.72,60483
54.03.15-935.61,26836
47.10.30-058.22,88846
85.06.03-707.27,53940
83.02.01-061.92,94481
87.02.07-409.20,80319
46.10.07-915.65,61721
47.10.20-467.33,37219
48.06.13-647.55,90795
76.12.29-582.89,81968
91.08.02-944.97,49699
49.03.18-938.05,81162
66.05.19-703.07,80546
83.12.23-163.75,59550
82.01.29-276.73,44557
56.05.23-149.76,55565
96.11.22-815.30,69264
70.01.07-699.88,41793
60.04.26-658.64,33019
48.09.23-574.07,76672
68.04.09-268.59,49586
55.03.04-843.98,14908
78.12.02-605.99,91420
75.06.27-886.78,35610
97.04.15-400.49,49360
69.09.15-350.62,32260
79.02.19-105.43,66427
82.10.28-722.89,97836
46.07.10-573.02,86082
55.01.26-715.47,26388
83.03.26-808.50,68304
69.03.14-432.10,59172
81.07.26-901.92,93409
94.11.23-138.60,75129
87.04.28-123.80,99249
95.01.28-884.36,17756
95.06.03-458.77,90194
46.08.06-538.81,50255
75.11.03-267.35,14739
64.12.12-671.17,88200
93.02.11-354.19,77349
53.04.27-861.19,54228
66.04.15-343.00,83632
73.05.06-265.86,49052
48.12.07-388.82,64266
50.10.22-633.35,39599
59.06.16-462.03,92501
57.08.23-066.38,80106
62.01.16-051.14,76960
67.07.18-879.45,47430
89.01.23-994.55,97140
80.02.02-644.70,90513
51.04.09-352.34,76325
66.01.08-187.86,55897
89.08.02-110.44,55970
47.05.23-788.26,61056
50.12.29-355.13,78911
80.07.22-581.84,38908
86.11.22-473.16,11769
74.04.30-134.68,65217
96.03.04-474.24,78902
75.11.25-409.45,66264
81.01.09-614.68,60778
73.09.14-538.80,91633
85.01.02-359.93,57737
97.05.11-266.30,41982
70.08.31-791.46,83297
70.05.05-910.04,86625
66.12.13-408.39,59533
63.07.25-365.01,56691
71.01.15-060.41,13819
96.01.07-613.32,24023
73.11.14-159.93,40949
98.09.25-783.55,38220
80.02.28-693.63,32914
87.07.05-486.26,74294
55.08.02-749.85,90972
78.02.23-451.18,61589
73.01.02-735.82,71981
96.05.31-404.50,30617
71.11.18-696.68,67074
57.11.13-797.24,77246
67.04.13-811.64,34839
90.09.02-461.01,59020
64.12.04-072.27,14072
74.03.09-646.92,81479
92.02.04-028.84,21085
87.08.04-874.55,23303
78.08.29-211.95,25325
65.05.07-320.90,38488
75.04.08-236.16,62106
66.11.04-731.07,26138
65.03.04-158.64,69947
69.09.27-858.01,88838
79.06.09-615.07,55483
56.02.25-454.01,93351
88.05.25-288.10,77623
66.10.11-460.29,92084
96.11.14-974.01,22906
73.12.29-857.85,64573
69.09.21-974.94,40802
85.05.05-543.09,52099
50.05.19-953.12,50711
74.10.28-781.67,10450
76.10.21-305.90,22676
85.06.09-008.85,18692
60.01.06-600.02,54794
58.05.07-734.21,96360
46.07.26-488.71,29750
70.11.20-789.80,70414
91.06.02-561.71,92226
89.04.01-944.45,64247
70.11.24-317.66,23047
87.05.15-169.35,94363
48.10.23-768.39,23825
91.10.21-746.39,34992
64.07.16-399.35,82673
46.09.30-135.15,73663
76.05.18-747.89,54680
61.08.09-263.04,87915
95.08.08-021.58,33739
51.03.11-195.36,26333
57.04.19-151.59,21350
49.01.08-141.06,55407
95.10.12-208.61,41024
92.03.26-545.65,29581
53.12.24-227.30,68112
63.03.31-794.43,71113
63.02.07-346.88,23048
82.06.12-026.75,82187
49.12.21-405.79,65520
90.06.10-317.08,27162
60.03.10-495.79,21949
88.07.17-647.12,12699
74.11.30-121.82,99882
98.08.01-018.73,70787
67.02.11-431.04,65449
50.01.27-882.67,18220
62.04.19-614.23,67906
48.01.17-561.61,75257
56.03.06-736.47,18040
63.07.12-949.76,68827
63.12.01-362.45,72334
94.08.23-078.22,56078
65.06.10-721.86,22916
84.02.26-017.50,16166
98.02.19-331.89,63431
67.07.11-400.42,33777
66.08.29-008.87,66118
78.11.18-743.06,93924
49.08.20-842.02,19003
96.01.06-221.99,43520
96.04.09-919.71,81437
83.11.29-288.95,78678
86.06.27-655.60,42515
82.09.21-368.76,65654
86.04.18-883.00,24283
50.06.12-216.81,55885
79.02.24-708.83,32136
82.03.04-417.12,11437
50.05.25-754.29,28565
60.11.04-419.58,88971
65.12.13-735.38,89479
62.09.05-008.41,50308
94.10.29-974.89,43833
56.08.03-085.72,66970
84.10.21-659.27,23413
84.03.24-625.94,39678
88.05.20-384.80,57827
96.03.28-303.15,19936
68.07.27-774.43,63803
51.09.20-961.88,93066
55.05.26-956.48,20849
50.02.12-843.11,85742
49.09.14-631.43,90978
60.05.05-903.72,44630
94.11.27-320.46,51833
54.12.07-410.02,65957
95.09.28-899.68,90601
72.03.22-163.95,85810
97.02.10-956.19,50733
52.01.24-784.66,40662
51.10.12-468.61,89277
52.12.20-865.10,78649
79.09.26-990.43,33760
81.11.10-796.36,79149
69.06.19-606.75,64927
48.06.09-074.43,43168
81.10.04-516.70,14463
74.07.23-788.43,82812
71.11.04-693.51,89901
82.06.13-393.01,42996
78.10.05-858.75,79119
78.05.06-202.27,70305
62.08.02-119.87,48028
72.10.28-878.48,64186
69.12.18-515.20,44157
66.06.16-005.31,37254
77.11.12-910.76,87406
98.12.25-419.16,67903
55.09.20-271.69,31362
50.08.29-168.74,56900
58.08.04-552.89,77791
68.07.04-461.38,50496
75.10.19-449.88,44796
62.05.25-909.97,50801
66.04.18-605.87,24460
82.10.21-365.59,89483
60.11.13-849.93,42347
55.07.01-038.36,10253
72.04.19-102.60,35963
72.06.01-152.25,88757
80.12.09-679.15,87979
71.05.21-236.46,54254
92.03.28-567.94,51710
84.08.12-436.55,93603
77.11.13-406.91,26093
76.09.15-387.99,96639
62.04.25-313.34,54097
58.03.25-912.97,63215
74.04.28-224.03,94797
95.12.17-082.73,65614
54.12.31-705.14,90251
73.07.19-778.27,70524
49.09.05-290.85,89787
75.12.15-936.74,59327
70.06.26-645.56,98556
49.04.07-150.97,23959
79.05.03-332.45,58841
77.09.16-474.17,66437
60.04.29-468.93,99105
86.09.08-536.26,69361
57.03.02-451.71,86592
77.12.30-990.11,52524
78.11.26-059.39,84632
89.02.19-542.16,59467
76.12.14-451.77,56958
55.08.02-593.15,11893
80.01.25-822.98,56690
68.01.14-318.66,60639
96.08.06-446.44,55968
66.01.07-125.47,42910
75.10.13-544.63,72888
61.04.24-270.22,11313
97.02.03-413.29,57208
88.08.05-278.02,64179
92.05.20-812.52,71076
46.08.25-831.80,15769
55.08.17-577.75,89061
72.11.02-112.01,13032
62.02.26-636.34,48530
65.03.30-901.07,80828
93.01.31-442.81,81394
64.08.19-605.52,17165
57.05.27-545.24,25224
55.06.02-000.91,53366
79.10.08-490.84,66591
89.04.02-239.96,44291
72.01.24-480.38,60322
95.09.27-272.77,49325
81.08.24-170.89,43733
50.05.20-657.49,10292
56.03.23-028.41,37032
86.02.03-534.84,38610
52.08.26-301.62,17558
87.03.07-496.33,20211
55.06.13-473.55,39999
92.01.21-451.65,33140
92.08.19-284.55,16517
97.08.21-361.21,58119
53.01.18-670.51,91109
51.03.12-639.42,80739
86.07.21-466.25,69786
62.05.03-473.57,23517
75.09.04-571.26,98584
59.04.17-173.96,90285
71.12.12-813.22,80327
63.08.05-360.70,77654
48.05.23-534.49,92945
75.03.17-043.98,90925
78.10.14-811.72,17125
74.03.07-050.06,47891
56.10.01-991.38,26638
86.07.12-703.68,24168
83.03.19-414.79,64836
90.09.29-685.13,40065
90.01.24-933.15,25276
65.03.24-422.22,18757
78.02.01-402.82,23749
97.03.30-722.86,19414
82.04.07-776.46,87239
49.08.07-900.22,60875
89.01.22-609.85,14822
84.07.06-274.72,27947
48.04.17-098.26,67777
83.03.04-855.86,83642
75.06.13-041.18,13142
79.05.20-145.75,47627
47.05.28-874.55,63602
97.11.27-512.85,58628
63.05.05-032.49,82973
72.10.05-558.26,98659
60.05.12-885.05,67827
88.09.05-127.37,34925
81.01.21-885.30,16693
95.07.28-623.38,64349
93.04.06-603.05,50846
54.05.13-689.21,29604
66.10.07-899.61,45059
